game_number,matchup,home_team,away_team,pred_home_prob,pred_home_pts,pred_away_pts,actual_home_pts,actual_away_pts,actual_home_win,pred_correct_winner,error_total_points,brier_score
616,CLE @ POR,POR,CLE,0.0969,103.0,121.4,91,107,0,True,26.5,0.0094
617,CHA @ BKN,BKN,CHA,0.5885,109.7,106.4,100,83,1,True,33.2,0.1693
618,CHA @ CHI,CHI,CHA,0.6756,116.5,110.0,103,102,1,True,21.6,0.1052
619,SAS @ TOR,TOR,SAS,0.4361,115.1,117.1,110,100,1,False,22.2,0.318
620,NOP @ NYK,NYK,NOP,0.7569,116.9,107.0,127,107,1,True,10.1,0.0591
621,UTA @ DEN,DEN,UTA,0.8514,123.3,108.2,108,100,1,True,23.5,0.0221
622,POR @ CHI,CHI,POR,0.8117,119.5,106.8,115,93,1,True,18.3,0.0355
623,UTA @ WAS,WAS,UTA,0.478,115.0,115.6,95,113,0,True,22.5,0.2285
624,MIL @ GSW,GSW,MIL,0.605,117.3,113.4,127,113,1,True,9.3,0.156
625,BOS @ ATL,ATL,BOS,0.2271,112.9,123.4,108,127,0,True,1.3,0.0516
626,ORL @ IND,IND,ORL,0.5161,113.0,112.3,112,119,0,False,5.7,0.2664
627,UTA @ MIN,MIN,UTA,0.7864,115.1,103.8,120,122,0,False,23.1,0.6184
628,CLE @ DEN,DEN,CLE,0.4316,114.6,116.8,100,114,0,True,17.3,0.1863
629,PHI @ UTA,UTA,PHI,0.4562,111.0,112.3,112,129,0,True,17.8,0.2081
630,MEM @ NYK,NYK,MEM,0.5576,117.0,114.8,116,132,0,False,16.2,0.3109
631,CHI @ LAL,LAL,CHI,0.6,119.4,115.7,133,124,1,True,21.9,0.16
632,MIA @ CHI,CHI,MIA,0.5079,111.1,110.7,112,98,1,True,11.9,0.2422
633,LAL @ DEN,DEN,LAL,0.7294,122.0,113.3,139,125,1,True,28.7,0.0732
634,BOS @ HOU,HOU,BOS,0.4682,114.1,115.0,117,115,1,False,3.0,0.2828
635,DAL @ PHX,PHX,DAL,0.5453,113.3,111.5,114,113,1,True,2.3,0.2068
636,SAC @ BKN,BKN,SAC,0.3512,108.7,113.7,115,108,1,False,0.6,0.4209
637,DET @ WAS,WAS,DET,0.3908,111.3,114.9,115,124,0,True,12.9,0.1527
638,CHA @ ORL,ORL,CHA,0.7753,110.0,99.3,128,99,1,True,17.7,0.0505
639,TOR @ POR,POR,TOR,0.4093,110.9,113.9,98,129,0,True,2.2,0.1675
640,HOU @ POR,POR,HOU,0.1579,104.4,118.4,104,82,1,False,36.8,0.7091
641,LAL @ CHI,CHI,LAL,0.5468,118.5,116.6,123,122,1,True,9.9,0.2054
642,MIA @ BOS,BOS,MIA,0.781,116.1,105.1,118,104,1,True,0.8,0.048
643,MIA @ CHA,CHA,MIA,0.4069,106.0,109.0,111,114,0,True,10.0,0.1656
644,HOU @ SAS,SAS,HOU,0.3814,112.9,116.8,132,114,1,False,16.4,0.3827
645,HOU @ MIL,MIL,HOU,0.4645,112.0,113.1,122,121,1,False,17.9,0.2868
646,WAS @ OKC,OKC,WAS,0.9631,129.1,103.6,110,116,0,False,6.7,0.9276
647,MEM @ LAC,LAC,MEM,0.4909,115.8,115.9,113,127,0,True,8.3,0.241
648,POR @ CHA,CHA,POR,0.7327,114.0,105.1,114,106,1,True,0.9,0.0714
649,DAL @ HOU,HOU,DAL,0.7162,116.7,108.6,111,105,1,True,9.3,0.0805
650,IND @ CLE,CLE,IND,0.8016,126.8,114.6,139,118,1,True,15.6,0.0394
651,OKC @ UTA,UTA,OKC,0.1237,106.9,123.2,123,125,0,True,17.9,0.0153
652,MIA @ PHI,PHI,MIA,0.4719,106.8,107.6,102,105,0,True,7.3,0.2227
653,GSW @ MIN,MIN,GSW,0.542,112.3,110.7,133,108,1,True,18.0,0.2098
654,DAL @ MIL,MIL,DAL,0.6132,114.4,110.1,110,105,1,True,9.6,0.1496
655,MIN @ SAC,SAC,MIN,0.6125,112.4,108.1,113,111,1,True,3.5,0.1502
656,MEM @ IND,IND,MEM,0.4629,123.8,124.8,131,120,1,False,2.4,0.2885
657,BKN @ PHI,PHI,BKN,0.6196,110.0,105.5,95,104,0,False,16.6,0.3839
658,ORL @ LAL,LAL,ORL,0.4652,108.1,109.1,127,90,1,False,0.1,0.286
659,WAS @ ATL,ATL,WAS,0.7608,123.2,113.1,126,113,1,True,2.7,0.0572
660,MIL @ WAS,WAS,MIL,0.247,109.7,119.2,103,121,0,True,4.8,0.061
661,PHI @ BOS,BOS,PHI,0.8478,120.2,105.2,111,93,1,True,21.5,0.0232
662,IND @ BKN,BKN,IND,0.4005,114.8,118.1,122,151,0,True,40.1,0.1604
663,DAL @ ATL,ATL,DAL,0.4658,115.6,116.5,97,107,0,True,28.1,0.217
664,CHA @ MEM,MEM,CHA,0.8154,122.0,109.0,130,125,1,True,24.1,0.0341
665,NOP @ CLE,CLE,NOP,0.8618,121.8,105.9,131,99,1,True,2.3,0.0191
666,LAL @ ATL,ATL,LAL,0.492,119.0,119.1,95,131,0,True,12.0,0.2421
667,GSW @ BKN,BKN,GSW,0.3579,110.0,114.9,107,114,0,True,3.9,0.1281
668,CHA @ SAS,SAS,CHA,0.6896,116.7,109.6,129,114,1,True,16.7,0.0963
669,UTA @ MEM,MEM,UTA,0.8492,125.3,110.3,114,94,1,True,27.6,0.0227
670,SAC @ WAS,WAS,SAC,0.2089,110.8,122.0,120,124,0,True,11.2,0.0436
671,BKN @ ORL,ORL,BKN,0.7615,108.2,98.0,115,90,1,True,1.2,0.0569
672,BOS @ TOR,TOR,BOS,0.1851,109.8,122.3,110,113,0,True,9.1,0.0343
673,SAS @ DET,DET,SAS,0.4895,113.1,113.3,97,121,0,True,8.3,0.2396
674,DET @ SAC,SAC,DET,0.7599,117.9,107.9,120,115,1,True,9.2,0.0576
675,ORL @ TOR,TOR,ORL,0.3346,104.5,110.2,95,109,0,True,10.8,0.112
676,MIA @ MIN,MIN,MIA,0.5971,106.8,103.2,96,107,0,False,7.0,0.3565
677,MIL @ MEM,MEM,MIL,0.6553,119.5,113.7,141,134,1,True,41.7,0.1188
678,IND @ LAL,LAL,IND,0.5193,123.1,122.3,129,132,0,False,15.6,0.2697
679,IND @ MIN,MIN,IND,0.5921,117.2,113.8,108,104,1,True,19.0,0.1664
680,TOR @ POR,POR,TOR,0.4093,110.9,113.9,112,121,0,True,8.2,0.1675
681,MIA @ ORL,ORL,MIA,0.6325,104.9,99.9,88,81,1,True,35.8,0.1351
682,OKC @ WAS,WAS,OKC,0.0795,106.4,126.3,105,132,0,True,4.3,0.0063
683,HOU @ CHA,CHA,HOU,0.2811,107.5,115.4,99,122,0,True,1.9,0.079
684,MEM @ SAC,SAC,MEM,0.5319,119.3,118.0,130,124,1,True,16.8,0.2191
685,DEN @ IND,IND,DEN,0.4527,121.4,122.8,140,142,0,True,37.8,0.2049
686,DAL @ PHX,PHX,DAL,0.5453,113.3,111.5,118,108,1,True,1.3,0.2068
687,ORL @ BKN,BKN,ORL,0.3656,100.8,105.3,107,116,0,True,16.8,0.1337
688,NYK @ MEM,MEM,NYK,0.591,117.6,114.2,103,84,1,True,44.8,0.1673
689,BKN @ UTA,UTA,BKN,0.5122,110.5,110.0,110,107,1,True,3.5,0.2379
690,IND @ WAS,WAS,IND,0.2435,117.1,126.7,132,155,0,True,43.2,0.0593
691,LAL @ SAC,SAC,LAL,0.6842,120.5,113.7,122,109,1,True,3.2,0.0997
692,TOR @ DEN,DEN,TOR,0.83,123.3,109.5,127,106,1,True,0.2,0.0289
693,MIA @ TOR,TOR,MIA,0.3906,108.5,112.1,103,95,1,False,22.6,0.3714
694,MEM @ TOR,TOR,MEM,0.2778,114.4,122.5,127,135,0,True,25.1,0.0772
695,PHI @ MIA,MIA,PHI,0.6721,110.4,104.0,103,122,0,False,10.7,0.4517
696,LAC @ POR,POR,LAC,0.2326,105.1,115.2,98,123,0,True,0.7,0.0541
697,OKC @ TOR,TOR,OKC,0.1428,108.2,123.2,119,114,1,False,1.7,0.7348
698,MIA @ DAL,DAL,MIA,0.5585,109.9,107.6,98,84,1,True,35.5,0.1949
699,DET @ ATL,ATL,DET,0.5916,116.4,113.0,114,126,0,False,10.7,0.35
700,PHX @ LAC,LAC,PHX,0.6398,114.1,108.8,98,103,0,False,22.0,0.4093
701,LAL @ NYK,NYK,LAL,0.7042,118.2,110.6,100,120,0,False,8.8,0.4959
702,PHX @ TOR,TOR,PHX,0.4308,112.8,115.0,92,110,0,True,25.8,0.1856
703,IND @ CHA,CHA,IND,0.3813,116.3,120.2,128,105,1,False,3.5,0.3828
704,DAL @ SAS,SAS,DAL,0.5387,115.3,113.8,114,111,1,True,4.0,0.2128
705,ORL @ DEN,DEN,ORL,0.6176,110.3,105.8,97,91,1,True,28.1,0.1462
706,CLE @ NYK,NYK,CLE,0.4089,111.0,114.0,117,113,1,False,5.0,0.3494
707,HOU @ MIA,MIA,HOU,0.4411,108.1,109.9,104,101,1,False,13.0,0.3124
708,CHI @ LAL,LAL,CHI,0.6,119.4,115.7,106,119,0,False,10.1,0.36
709,IND @ CLE,CLE,IND,0.8016,126.8,114.6,120,121,0,False,0.4,0.6426
710,CHI @ LAC,LAC,CHI,0.6666,116.9,110.7,105,109,0,False,13.5,0.4444
711,MEM @ PHX,PHX,MEM,0.4143,115.4,118.1,133,125,1,False,24.5,0.343
712,IND @ LAC,LAC,IND,0.5943,120.4,117.0,112,116,0,False,9.4,0.3532
713,NOP @ TOR,TOR,NOP,0.4981,114.3,114.2,129,95,1,False,4.6,0.2519
714,SAC @ MIL,MIL,SAC,0.5319,114.7,113.4,137,107,1,True,15.9,0.2191
715,UTA @ MIN,MIN,UTA,0.7864,115.1,103.8,116,79,1,True,23.9,0.0456
716,HOU @ CHI,CHI,HOU,0.3663,112.7,117.2,105,121,0,True,3.9,0.1342
717,GSW @ OKC,OKC,GSW,0.7971,122.9,111.0,136,109,1,True,11.0,0.0412
718,TOR @ CLE,CLE,TOR,0.9021,124.5,105.8,141,94,1,True,4.8,0.0096
719,GSW @ ORL,ORL,GSW,0.5845,110.3,107.2,115,105,1,True,2.5,0.1726
720,SAS @ DAL,DAL,SAS,0.6079,116.5,112.5,131,95,1,True,3.0,0.1537
721,PHX @ POR,POR,PHX,0.286,107.0,114.8,97,117,0,True,7.9,0.0818
722,PHX @ ORL,ORL,PHX,0.6767,109.1,102.5,114,115,0,False,17.3,0.4579
723,MEM @ LAL,LAL,MEM,0.4118,118.3,121.2,108,132,0,True,0.5,0.1696
724,CHI @ SAS,SAS,CHI,0.5917,118.5,115.1,114,109,1,True,10.6,0.1667
725,DET @ LAC,LAC,DET,0.7239,114.5,106.0,138,110,1,True,27.5,0.0762
726,POR @ BOS,BOS,POR,0.9524,124.9,101.4,132,99,1,True,4.7,0.0023
727,POR @ HOU,HOU,POR,0.9137,121.2,101.6,115,116,0,False,8.2,0.8348
728,NOP @ BKN,BKN,NOP,0.5284,110.3,109.2,102,115,0,False,2.5,0.2792
729,DAL @ SAS,SAS,DAL,0.5387,115.3,113.8,115,116,0,False,2.0,0.2902
730,HOU @ ATL,ATL,HOU,0.3154,113.2,119.7,127,114,1,False,8.2,0.4687
731,BKN @ GSW,GSW,BKN,0.7678,117.7,107.2,107,114,0,False,3.9,0.5895
732,PHI @ MIN,MIN,PHI,0.6926,110.6,103.3,108,109,0,False,3.1,0.4797
733,TOR @ ORL,ORL,TOR,0.7867,113.0,101.7,124,109,1,True,18.2,0.0455
734,MIN @ MIA,MIA,MIN,0.5509,106.0,104.0,104,109,0,False,3.0,0.3035
735,IND @ LAC,LAC,IND,0.5943,120.4,117.0,120,116,1,True,1.4,0.1646
736,POR @ BOS,BOS,POR,0.9524,124.9,101.4,121,106,1,True,0.7,0.0023
737,SAS @ CHI,CHI,SAS,0.5566,117.9,115.7,118,111,1,True,4.6,0.1966
738,BKN @ GSW,GSW,BKN,0.7678,117.7,107.2,130,107,1,True,12.1,0.0539
739,OKC @ CLE,CLE,OKC,0.5242,115.2,114.2,100,105,0,False,24.4,0.2748
740,HOU @ LAL,LAL,HOU,0.3898,113.8,117.4,101,113,0,True,17.1,0.1519
741,DAL @ MIL,MIL,DAL,0.6132,114.4,110.1,113,116,0,False,4.4,0.376
742,MIN @ HOU,HOU,MIN,0.6759,112.0,105.5,116,94,1,True,7.6,0.105
743,NOP @ CHI,CHI,NOP,0.6135,117.2,112.9,118,105,1,True,7.0,0.1494
744,CHA @ GSW,GSW,CHA,0.782,119.7,108.6,124,113,1,True,8.7,0.0475
745,CLE @ UTA,UTA,CLE,0.1527,107.3,121.7,99,90,1,False,40.0,0.7179
746,TOR @ BOS,BOS,TOR,0.8959,125.2,107.0,140,122,1,True,29.9,0.0108
747,CHA @ GSW,GSW,CHA,0.782,119.7,108.6,137,120,1,True,28.7,0.0475
748,BOS @ CHI,CHI,BOS,0.2714,112.5,120.9,124,142,0,True,32.6,0.0737
749,MIN @ ATL,ATL,MIN,0.4288,110.9,113.2,118,110,1,False,3.8,0.3263
750,IND @ PHI,PHI,IND,0.4502,117.2,118.6,107,110,0,True,18.8,0.2027
751,SAS @ NYK,NYK,SAS,0.7115,117.7,109.7,122,95,1,True,10.4,0.0832
752,ORL @ LAC,LAC,ORL,0.536,105.7,104.3,111,93,1,True,6.1,0.2153
753,SAS @ HOU,HOU,SAS,0.7482,119.6,110.1,93,96,0,False,40.6,0.5598
754,POR @ DEN,DEN,POR,0.9099,123.1,103.8,112,111,1,True,3.8,0.0081
755,BOS @ BKN,BKN,BOS,0.2146,105.9,116.9,104,116,0,True,2.8,0.0461
756,NYK @ ATL,ATL,NYK,0.357,112.8,117.7,124,104,1,False,2.5,0.4134
757,DET @ OKC,OKC,DET,0.8984,121.9,103.5,125,109,1,True,8.6,0.0103
758,SAC @ MEM,MEM,SAC,0.6132,120.8,116.5,113,135,0,False,10.8,0.376
759,WAS @ ORL,ORL,WAS,0.8621,115.8,100.0,119,107,1,True,10.2,0.019
760,NOP @ BOS,BOS,NOP,0.8534,122.4,107.1,100,93,1,True,36.6,0.0215
761,PHX @ MIA,MIA,PHX,0.6138,110.9,106.6,92,94,0,False,31.4,0.3768
762,BOS @ IND,IND,BOS,0.33,118.7,124.7,145,136,1,False,37.6,0.4489
763,CHI @ LAC,LAC,CHI,0.6666,116.9,110.7,109,115,0,False,3.5,0.4444
764,BOS @ SAS,SAS,BOS,0.2858,112.6,120.4,111,104,1,False,18.1,0.5101
765,POR @ MIA,MIA,POR,0.8405,114.7,100.1,115,110,1,True,10.2,0.0254
766,SAS @ ORL,ORL,SAS,0.6848,111.3,104.4,136,117,1,True,37.3,0.0994
767,BOS @ PHX,PHX,BOS,0.2965,110.7,118.0,107,117,0,True,4.7,0.0879
768,ORL @ GSW,GSW,ORL,0.5637,110.0,107.5,103,100,1,True,14.5,0.1904
769,GSW @ SAC,SAC,GSW,0.5838,118.9,115.7,125,112,1,True,2.4,0.1732
770,UTA @ CHA,CHA,UTA,0.6201,114.2,109.6,114,107,1,True,2.8,0.1443
771,PHX @ MEM,MEM,PHX,0.7209,120.9,112.6,124,98,1,True,11.5,0.0779
772,CLE @ ATL,ATL,CLE,0.2156,111.7,122.7,105,103,1,False,26.4,0.6153
773,CHA @ UTA,UTA,CHA,0.5252,112.4,111.4,113,119,0,False,8.2,0.2758
774,TOR @ LAL,LAL,TOR,0.7136,120.9,112.8,113,111,1,True,9.7,0.082
775,IND @ DET,DET,IND,0.4204,117.0,119.5,138,112,1,False,13.5,0.3359
776,ATL @ NYK,NYK,ATL,0.7688,120.5,110.0,117,116,1,True,2.5,0.0535
777,LAL @ NOP,NOP,LAL,0.5066,115.8,115.5,104,119,0,False,8.3,0.2566
778,LAL @ PHX,PHX,LAL,0.5729,116.6,113.8,126,112,1,True,7.6,0.1824
779,PHX @ UTA,UTA,PHX,0.3912,111.5,115.1,118,132,0,True,23.4,0.153
780,SAS @ ORL,ORL,SAS,0.6848,111.3,104.4,111,104,1,True,0.7,0.0994
781,CLE @ PHI,PHI,CLE,0.2375,106.9,116.8,112,116,0,True,4.4,0.0564
782,SAC @ LAL,LAL,SAC,0.4577,116.5,117.7,116,124,0,True,5.8,0.2095
783,DAL @ PHI,PHI,DAL,0.4861,110.6,110.9,107,130,0,True,15.5,0.2363
784,PHX @ NYK,NYK,PHX,0.7013,115.3,107.8,92,108,0,False,23.1,0.4918
785,OKC @ MEM,MEM,OKC,0.3657,116.0,120.5,110,106,1,False,20.5,0.4023
786,NYK @ CHI,CHI,NYK,0.4102,112.4,115.3,105,109,0,True,13.7,0.1683
787,TOR @ NOP,NOP,TOR,0.6464,117.0,111.5,111,114,0,False,3.6,0.4178
788,OKC @ POR,POR,OKC,0.0744,102.7,122.9,106,123,0,True,3.4,0.0055
789,DEN @ PHX,PHX,DEN,0.4075,113.2,116.2,102,116,0,True,11.4,0.1661
790,DAL @ LAC,LAC,DAL,0.6136,113.7,109.4,89,122,0,False,12.0,0.3765
791,HOU @ MEM,MEM,HOU,0.5453,117.9,116.1,99,98,1,True,37.0,0.2068
792,GSW @ SAC,SAC,GSW,0.5838,118.9,115.7,112,118,0,False,4.6,0.3408
793,OKC @ PHX,PHX,OKC,0.2425,109.1,118.8,94,124,0,True,9.8,0.0588
794,MIA @ ATL,ATL,MIA,0.451,111.6,113.0,122,114,1,False,11.4,0.3014
795,CHI @ MIL,MIL,CHI,0.6662,117.6,111.4,101,134,0,False,5.9,0.4438
796,NYK @ IND,IND,NYK,0.4872,118.6,118.9,118,98,1,False,21.5,0.263
797,HOU @ ORL,ORL,HOU,0.5144,106.4,105.8,118,92,1,True,2.2,0.2358
798,NOP @ DET,DET,NOP,0.5471,112.3,110.5,110,106,1,True,6.8,0.2051
799,ORL @ DAL,DAL,ORL,0.4936,105.8,105.9,90,105,0,True,16.7,0.2436
800,LAL @ DET,DET,LAL,0.4796,113.6,114.2,97,106,0,True,24.8,0.23
801,NYK @ UTA,UTA,NYK,0.272,108.4,116.7,94,122,0,True,9.1,0.074
802,LAL @ CLE,CLE,LAL,0.8278,123.2,109.5,122,102,1,True,8.6,0.0297
803,CLE @ WAS,WAS,CLE,0.1024,106.8,124.7,113,138,0,True,19.5,0.0105
804,WAS @ DEN,DEN,WAS,0.9024,126.4,107.6,128,133,0,False,27.0,0.8143
805,GSW @ LAC,LAC,GSW,0.5424,115.4,113.7,111,128,0,False,9.8,0.2942
806,CLE @ UTA,UTA,CLE,0.1527,107.3,121.7,121,115,1,False,7.0,0.7179
807,WAS @ HOU,HOU,WAS,0.9053,124.5,105.4,124,101,1,True,4.8,0.009
808,PHI @ ATL,ATL,PHI,0.561,115.5,113.2,119,131,0,False,21.3,0.3147
809,DEN @ CHI,CHI,DEN,0.3792,115.0,119.1,114,118,0,True,2.1,0.1438
810,PHI @ UTA,UTA,PHI,0.4562,111.0,112.3,107,90,1,False,26.2,0.2957
811,NYK @ SAS,SAS,NYK,0.4284,112.5,114.8,93,108,0,True,26.4,0.1835
812,IND @ POR,POR,IND,0.2281,113.0,123.4,129,102,1,False,5.3,0.5958
813,WAS @ PHX,PHX,WAS,0.81,120.7,108.1,122,103,1,True,3.9,0.0361
814,DET @ DEN,DEN,DET,0.7964,119.4,107.5,107,94,1,True,25.9,0.0415
815,ORL @ BKN,BKN,ORL,0.3656,100.8,105.3,118,115,1,False,26.8,0.4025
816,OKC @ PHI,PHI,OKC,0.199,106.5,118.2,108,124,0,True,7.3,0.0396
817,CLE @ LAC,LAC,CLE,0.3458,109.9,115.1,105,125,0,True,5.0,0.1196
818,NYK @ NOP,NOP,NYK,0.3708,109.8,114.1,105,104,1,False,14.9,0.3959
819,GSW @ HOU,HOU,GSW,0.6496,118.5,113.0,97,98,0,False,36.5,0.422
820,NYK @ ATL,ATL,NYK,0.357,112.8,117.7,124,121,1,False,14.5,0.4134
821,MEM @ MIA,MIA,MEM,0.4649,112.5,113.5,92,111,0,True,23.0,0.2161
822,LAL @ PHX,PHX,LAL,0.5729,116.6,113.8,116,101,1,True,13.4,0.1824
823,PHI @ CLE,CLE,PHI,0.8564,119.6,104.1,129,109,1,True,14.4,0.0206
824,ORL @ IND,IND,ORL,0.5161,113.0,112.3,103,101,1,True,21.3,0.2342
825,GSW @ IND,IND,GSW,0.5207,123.4,122.5,127,106,1,True,12.8,0.2297
826,OKC @ LAL,LAL,OKC,0.2364,111.9,121.8,132,139,0,True,37.3,0.0559
827,CHA @ MIL,MIL,CHA,0.7525,115.8,106.1,114,102,1,True,6.0,0.0613
828,LAL @ HOU,HOU,LAL,0.742,120.2,111.0,115,106,1,True,10.1,0.0666
829,BOS @ MIL,MIL,BOS,0.3596,111.8,116.6,107,119,0,True,2.4,0.1293
830,PHI @ CHA,CHA,PHI,0.5117,109.7,109.2,119,105,1,True,5.2,0.2384
831,PHI @ TOR,TOR,PHI,0.496,112.3,112.2,105,124,0,True,4.5,0.246
832,SAS @ LAL,LAL,SAS,0.5835,119.0,115.9,143,129,1,True,37.1,0.1735
833,PHX @ POR,POR,PHX,0.286,107.0,114.8,118,105,1,False,1.1,0.5098
834,LAC @ MIN,MIN,LAC,0.5726,109.0,106.3,99,91,1,True,25.3,0.1827
835,CHI @ PHI,PHI,CHI,0.5368,113.7,112.2,118,104,1,True,3.9,0.2146
836,CLE @ GSW,GSW,CLE,0.3682,114.3,118.7,121,122,0,True,10.1,0.1356
837,NOP @ UTA,UTA,NOP,0.4582,113.0,114.3,121,115,1,False,8.7,0.2935
838,GSW @ ATL,ATL,GSW,0.3828,117.3,121.2,120,131,0,True,12.4,0.1465
839,CLE @ ATL,ATL,CLE,0.2156,111.7,122.7,118,142,0,True,25.6,0.0465
840,SAC @ PHI,PHI,SAC,0.3976,110.9,114.2,110,108,1,False,7.1,0.3629
841,BOS @ UTA,UTA,BOS,0.1615,108.5,122.4,111,110,1,False,9.9,0.7031
842,LAC @ ORL,ORL,LAC,0.61,107.1,102.9,116,98,1,True,3.9,0.1521
843,MIL @ ATL,ATL,MIL,0.4228,114.7,117.2,122,115,1,False,5.1,0.3332
844,LAC @ CHI,CHI,LAC,0.4777,113.5,114.1,129,117,1,False,18.5,0.2728
845,POR @ MIL,MIL,POR,0.8617,118.8,103.0,122,98,1,True,1.8,0.0191
846,OKC @ NYK,NYK,OKC,0.3595,110.6,115.4,120,124,0,True,18.0,0.1292
847,ATL @ HOU,HOU,ATL,0.8011,122.5,110.4,118,107,1,True,7.8,0.0396
848,OKC @ MIN,MIN,OKC,0.3066,106.5,113.4,112,131,0,True,23.1,0.094
849,ORL @ MIN,MIN,ORL,0.5353,102.9,101.5,98,112,0,False,5.6,0.2865
850,PHX @ DAL,DAL,PHX,0.6009,114.2,110.5,112,119,0,False,6.3,0.3611
851,LAL @ BKN,BKN,LAL,0.4577,111.6,112.8,127,126,1,False,28.6,0.2941
852,BOS @ UTA,UTA,BOS,0.1615,108.5,122.4,99,140,0,True,8.1,0.0261
853,NOP @ ATL,ATL,NOP,0.5637,117.6,115.2,132,109,1,True,8.2,0.1904
854,DEN @ DET,DET,DEN,0.3221,110.3,116.6,120,116,1,False,9.1,0.4595
855,IND @ MIL,MIL,IND,0.5933,121.2,117.8,131,113,1,True,5.0,0.1654
856,SAC @ PHX,PHX,SAC,0.4594,113.5,114.8,118,126,0,True,15.7,0.211
857,SAC @ GSW,GSW,SAC,0.5638,118.5,116.1,132,136,0,False,33.4,0.3179
858,HOU @ NOP,NOP,HOU,0.3315,110.2,116.0,94,113,0,True,19.2,0.1099
859,WAS @ MIA,MIA,WAS,0.83,117.7,103.9,143,108,1,True,29.4,0.0289
860,MIA @ ATL,ATL,MIA,0.451,111.6,113.0,114,116,0,True,5.4,0.2034
861,PHI @ IND,IND,PHI,0.6885,121.4,114.4,112,98,1,True,25.8,0.097
862,UTA @ ORL,ORL,UTA,0.8097,113.1,100.5,106,118,0,False,10.4,0.6556
863,NOP @ MEM,MEM,NOP,0.7767,122.6,111.8,118,110,1,True,6.4,0.0499
864,PHI @ PHX,PHX,PHI,0.6316,113.2,108.2,127,93,1,True,1.4,0.1357
865,SAS @ ATL,ATL,SAS,0.5042,118.4,118.1,119,134,0,False,16.5,0.2542
866,MIN @ SAC,SAC,MIN,0.6125,112.4,108.1,113,128,0,False,20.5,0.3752
867,CHI @ NYK,NYK,CHI,0.7253,118.1,109.6,121,98,1,True,8.6,0.0755
868,MEM @ SAS,SAS,MEM,0.4039,117.4,120.6,107,119,0,True,12.0,0.1631
869,BOS @ POR,POR,BOS,0.1024,104.2,122.1,88,106,0,True,32.3,0.0105
870,SAC @ DET,DET,SAC,0.3677,110.7,115.1,118,107,1,False,0.8,0.3998
871,PHI @ HOU,HOU,PHI,0.7845,116.7,105.5,114,75,1,True,33.2,0.0464
872,MIL @ CLE,CLE,MIL,0.7792,118.7,107.8,117,113,1,True,3.5,0.0488
873,ORL @ WAS,WAS,ORL,0.2302,102.8,113.0,99,115,0,True,1.8,0.053
874,OKC @ PHX,PHX,OKC,0.2425,109.1,118.8,100,130,0,True,2.2,0.0588
875,LAL @ LAC,LAC,LAL,0.6405,117.0,111.7,99,109,0,False,20.7,0.4102
876,SAS @ MIN,MIN,SAS,0.6464,113.3,107.8,102,82,1,True,37.1,0.125
877,BOS @ TOR,TOR,BOS,0.1851,109.8,122.3,108,125,0,True,0.9,0.0343
878,TOR @ ORL,ORL,TOR,0.7867,113.0,101.7,116,123,0,False,24.2,0.6189
879,NOP @ TOR,TOR,NOP,0.4981,114.3,114.2,117,120,0,True,8.4,0.2481
880,BKN @ MIN,MIN,BKN,0.7341,110.1,101.2,121,94,1,True,3.7,0.0707
881,DEN @ PHX,PHX,DEN,0.4075,113.2,116.2,120,105,1,False,4.4,0.3511
882,DEN @ MIL,MIL,DEN,0.4818,114.4,114.8,118,112,1,False,0.8,0.2685
883,GSW @ CHA,CHA,GSW,0.341,111.4,116.9,100,117,0,True,11.3,0.1163
884,NOP @ DEN,DEN,NOP,0.7808,120.7,109.7,117,115,1,True,1.7,0.048
885,CHI @ CHA,CHA,CHI,0.4678,112.8,113.8,102,114,0,True,10.6,0.2188
886,NYK @ CLE,CLE,NYK,0.7264,116.8,108.2,145,105,1,True,25.0,0.0749
887,MEM @ CHI,CHI,MEM,0.3844,117.2,121.0,133,108,1,False,2.7,0.379
888,BOS @ DET,DET,BOS,0.2267,107.8,118.3,114,107,1,False,5.2,0.598
889,CLE @ POR,POR,CLE,0.0969,103.0,121.4,111,109,1,False,4.5,0.8156
890,ORL @ BKN,BKN,ORL,0.3656,100.8,105.3,133,110,1,False,36.8,0.4025
891,SAS @ LAL,LAL,SAS,0.5835,119.0,115.9,133,99,1,True,2.9,0.1735
892,LAC @ WAS,WAS,LAC,0.2481,108.9,118.4,102,116,0,True,9.3,0.0616
893,LAC @ CLE,CLE,LAC,0.7778,117.9,107.1,97,106,0,False,22.0,0.605
894,PHX @ ATL,ATL,PHX,0.4956,116.0,116.0,113,97,1,False,22.0,0.2544
895,MIL @ DAL,DAL,MIL,0.5319,112.9,111.6,115,123,0,False,13.4,0.2829
896,IND @ WAS,WAS,IND,0.2435,117.1,126.7,122,134,0,True,12.2,0.0593
897,DET @ NOP,NOP,DET,0.5998,113.3,109.5,121,124,0,False,22.2,0.3598
898,GSW @ NYK,NYK,GSW,0.6063,116.6,112.6,123,103,1,True,3.2,0.155
899,NYK @ IND,IND,NYK,0.4872,118.6,118.9,115,102,1,False,20.5,0.263
900,CHI @ IND,IND,CHI,0.6543,124.9,119.2,114,123,0,False,7.1,0.4281
901,DET @ CLE,CLE,DET,0.8741,120.5,103.9,124,106,1,True,5.7,0.0159
902,CHA @ DEN,DEN,CHA,0.8183,120.0,106.9,102,106,0,False,18.9,0.6696
903,PHX @ BKN,BKN,PHX,0.4619,108.8,109.9,114,109,1,False,4.3,0.2896
904,WAS @ DET,DET,WAS,0.7406,117.7,108.5,134,116,1,True,23.9,0.0673
905,MIA @ NYK,NYK,MIA,0.6585,110.9,105.0,111,79,1,True,25.9,0.1166
906,PHI @ MIL,MIL,PHI,0.6977,114.4,107.0,131,104,1,True,13.7,0.0914
907,BKN @ MIL,MIL,BKN,0.7392,113.9,104.8,124,114,1,True,19.4,0.068
908,HOU @ SAS,SAS,HOU,0.3814,112.9,116.8,115,113,1,False,1.6,0.3827
909,WAS @ UTA,UTA,WAS,0.6662,118.4,112.2,119,116,1,True,4.5,0.1114
910,CLE @ LAL,LAL,CLE,0.2779,112.3,120.3,127,134,0,True,28.4,0.0772
911,WAS @ MIL,MIL,WAS,0.8504,122.0,106.9,137,110,1,True,18.2,0.0224
912,MIA @ SAC,SAC,MIA,0.6366,113.0,107.9,126,104,1,True,9.0,0.1321
913,ORL @ SAC,SAC,ORL,0.5732,108.9,106.1,126,121,1,True,32.0,0.1822
914,UTA @ OKC,OKC,UTA,0.9377,126.0,104.1,127,98,1,True,5.1,0.0039
915,MIN @ NYK,NYK,MIN,0.6333,110.2,105.2,119,120,0,False,23.6,0.4011
916,NYK @ POR,POR,NYK,0.1878,104.1,116.5,96,105,0,True,19.5,0.0353
917,CHA @ ATL,ATL,CHA,0.6241,117.0,112.3,108,94,1,True,27.3,0.1413
918,WAS @ TOR,TOR,WAS,0.7037,119.8,112.2,121,110,1,True,0.9,0.0878
919,MIA @ DAL,DAL,MIA,0.5585,109.9,107.6,104,106,0,False,7.5,0.3119
920,SAS @ BOS,BOS,SAS,0.8221,123.2,109.8,110,106,1,True,17.1,0.0316
921,BKN @ CHA,CHA,BKN,0.5604,109.2,106.9,113,107,1,True,3.8,0.1932
922,NYK @ PHX,PHX,NYK,0.4379,110.6,112.5,118,136,0,True,30.9,0.1918
923,LAC @ CHA,CHA,LAC,0.377,108.2,112.3,109,104,1,False,7.5,0.3881
924,LAL @ MEM,MEM,LAL,0.7238,124.0,115.5,107,123,0,False,9.5,0.5239
925,LAL @ NOP,NOP,LAL,0.5066,115.8,115.5,104,116,0,False,11.3,0.2566
926,SAC @ UTA,UTA,SAC,0.2877,111.3,119.0,100,114,0,True,16.4,0.0828
927,TOR @ LAL,LAL,TOR,0.7136,120.9,112.8,116,99,1,True,18.7,0.082
928,LAL @ IND,IND,LAL,0.6263,125.1,120.3,136,113,1,True,3.6,0.1397
929,WAS @ IND,IND,WAS,0.8523,129.5,114.3,135,117,1,True,8.2,0.0218
930,MIL @ CHI,CHI,MIL,0.478,114.2,114.8,121,120,1,False,11.9,0.2725
931,OKC @ CHI,CHI,OKC,0.2192,110.8,121.7,125,136,0,True,28.5,0.048
932,WAS @ BKN,BKN,WAS,0.7209,115.5,107.2,103,108,0,False,11.7,0.5197
933,WAS @ PHI,PHI,WAS,0.7638,117.9,107.6,116,114,1,True,4.5,0.0558
934,DEN @ GSW,GSW,DEN,0.5144,118.2,117.6,115,121,0,False,0.3,0.2646
935,MIL @ ATL,ATL,MIL,0.4228,114.7,117.2,114,116,0,True,1.9,0.1788
936,GSW @ WAS,WAS,GSW,0.2134,112.2,123.2,125,145,0,True,34.6,0.0455
937,DAL @ NYK,NYK,DAL,0.6773,114.9,108.3,118,123,0,False,17.9,0.4587
938,LAC @ POR,POR,LAC,0.2326,105.1,115.2,84,102,0,True,34.3,0.0541
939,WAS @ CHA,CHA,WAS,0.7112,117.0,109.1,112,120,0,False,5.9,0.5058
940,MIN @ ATL,ATL,MIN,0.4288,110.9,113.2,99,103,0,True,22.2,0.1839
941,NYK @ ORL,ORL,NYK,0.5533,106.1,104.0,94,98,0,False,18.1,0.3061
942,LAC @ OKC,OKC,LAC,0.8111,119.3,106.7,121,95,1,True,10.0,0.0357
943,MIL @ BKN,BKN,MIL,0.393,107.6,111.1,116,111,1,False,8.4,0.3684
944,DAL @ BOS,BOS,DAL,0.7976,120.3,108.4,127,107,1,True,5.3,0.041
945,MIN @ DAL,DAL,MIN,0.5346,109.2,107.8,113,98,1,True,6.0,0.2166
946,DAL @ MEM,MEM,DAL,0.696,120.4,113.1,124,123,1,True,13.5,0.0924
947,NOP @ PHI,PHI,NOP,0.5785,112.6,109.6,120,106,1,True,3.8,0.1777
948,NOP @ BKN,BKN,NOP,0.5284,110.3,109.2,103,98,1,True,18.5,0.2224
949,NOP @ MIA,MIA,NOP,0.6771,112.4,105.8,108,86,1,True,24.2,0.1043
950,PHX @ DEN,DEN,PHX,0.7274,119.0,110.4,140,135,1,True,45.6,0.0743
951,WAS @ CHI,CHI,WAS,0.7979,122.7,110.8,113,123,0,False,2.5,0.6366
952,HOU @ OKC,OKC,HOU,0.7349,118.5,109.6,124,117,1,True,12.8,0.0703
953,WAS @ SAS,SAS,WAS,0.8082,122.9,110.4,130,123,1,True,19.7,0.0368
954,ORL @ ATL,ATL,ORL,0.3879,107.5,111.2,101,105,0,True,12.7,0.1505
955,OKC @ SAS,SAS,OKC,0.2313,111.0,121.2,115,130,0,True,12.8,0.0535
956,LAC @ DEN,DEN,LAC,0.6614,116.8,110.8,97,104,0,False,26.7,0.4374
957,NOP @ IND,IND,NOP,0.694,123.7,116.4,137,111,1,True,7.9,0.0936
958,DEN @ POR,POR,DEN,0.1637,106.5,120.3,102,123,0,True,1.8,0.0268
959,DET @ SAS,SAS,DET,0.6558,116.1,110.3,120,104,1,True,2.3,0.1185
960,CHI @ MIA,MIA,CHI,0.6373,113.5,108.3,117,120,0,False,15.1,0.4062
961,CHI @ HOU,HOU,CHI,0.7611,120.0,109.9,129,102,1,True,1.1,0.0571
962,SAS @ NYK,NYK,SAS,0.7115,117.7,109.7,121,118,1,True,11.6,0.0832
963,LAL @ MEM,MEM,LAL,0.7238,124.0,115.5,123,109,1,True,7.5,0.0763
964,ATL @ SAS,SAS,ATL,0.6414,120.9,115.6,118,111,1,True,7.5,0.1286
965,TOR @ DET,DET,TOR,0.6188,114.8,110.3,118,128,0,False,20.9,0.3829
966,IND @ GSW,GSW,IND,0.6248,125.3,120.6,130,118,1,True,2.2,0.1408
967,PHI @ ORL,ORL,PHI,0.7258,108.6,100.1,86,96,0,False,26.7,0.5268
968,DEN @ NOP,NOP,DEN,0.342,112.5,117.9,118,105,1,False,7.3,0.433
969,UTA @ POR,POR,UTA,0.4468,110.9,112.5,108,105,1,False,10.4,0.306
970,CLE @ MIN,MIN,CLE,0.3502,106.9,112.0,129,104,1,False,14.1,0.4222
971,TOR @ OKC,OKC,TOR,0.9245,126.0,105.4,120,82,1,True,29.3,0.0057
972,POR @ DAL,DAL,POR,0.8383,118.2,103.8,108,95,1,True,19.0,0.0261
973,CHA @ OKC,OKC,CHA,0.9143,122.6,102.9,128,114,1,True,16.5,0.0073
974,BOS @ DAL,DAL,BOS,0.3203,111.2,117.5,124,118,1,False,13.3,0.462
975,LAC @ MEM,MEM,LAC,0.6542,118.7,113.0,121,110,1,True,0.7,0.1196
976,SAC @ CLE,CLE,SAC,0.7492,119.9,110.3,128,119,1,True,16.7,0.0629
977,IND @ NOP,NOP,IND,0.4438,119.2,120.9,107,124,0,True,9.1,0.197
978,GSW @ DEN,DEN,GSW,0.6322,120.4,115.4,127,120,1,True,11.3,0.1353
979,ATL @ CLE,CLE,ATL,0.8742,125.5,108.9,127,131,0,False,23.6,0.7642
980,IND @ SAC,SAC,IND,0.6338,124.1,119.0,116,108,1,True,19.1,0.1341
981,SAC @ DAL,DAL,SAC,0.4895,114.1,114.3,110,97,1,False,21.4,0.2606
982,MIA @ NYK,NYK,MIA,0.6585,110.9,105.0,121,105,1,True,10.1,0.1166
983,NYK @ CHA,CHA,NYK,0.3189,107.1,113.5,103,118,0,True,0.4,0.1017
984,CHI @ OKC,OKC,CHI,0.8716,124.5,108.0,125,115,1,True,7.5,0.0165
985,UTA @ MIL,MIL,UTA,0.7918,119.1,107.4,108,116,0,False,2.5,0.6269
986,UTA @ WAS,WAS,UTA,0.478,115.0,115.6,117,130,0,True,16.5,0.2285
987,OKC @ BOS,BOS,OKC,0.506,115.8,115.5,110,119,0,False,2.3,0.256
988,NOP @ DEN,DEN,NOP,0.7808,120.7,109.7,128,90,1,True,12.3,0.048
989,PHI @ MIN,MIN,PHI,0.6926,110.6,103.3,118,90,1,True,5.9,0.0945
990,PHI @ POR,POR,PHI,0.3408,106.5,112.0,99,109,0,True,10.6,0.1161
991,CHI @ MEM,MEM,CHI,0.7454,123.8,114.5,121,120,1,True,2.7,0.0648
992,ATL @ PHX,PHX,ATL,0.6493,118.8,113.2,106,118,0,False,8.0,0.4216
993,LAL @ IND,IND,LAL,0.6263,125.1,120.3,128,137,0,False,19.6,0.3923
994,NYK @ MIA,MIA,NYK,0.4872,107.8,108.1,110,114,0,True,8.1,0.2374
995,UTA @ LAL,LAL,UTA,0.7454,120.9,111.5,125,113,1,True,5.6,0.0648
996,MIN @ LAC,LAC,MIN,0.5762,109.1,106.2,104,103,1,True,8.3,0.1796
997,NYK @ DET,DET,NYK,0.3502,107.8,112.8,103,140,0,True,22.4,0.1226
998,MEM @ BOS,BOS,MEM,0.7046,122.5,114.9,121,110,1,True,6.4,0.0873
999,POR @ PHX,PHX,POR,0.822,117.6,104.2,111,96,1,True,14.9,0.0317
1000,WAS @ MIL,MIL,WAS,0.8504,122.0,106.9,117,125,0,False,13.2,0.7232
1001,ATL @ MIA,MIA,ATL,0.6879,115.8,108.8,104,124,0,False,3.4,0.4732
1002,TOR @ MEM,MEM,TOR,0.8278,125.3,111.6,115,85,1,True,36.9,0.0297
1003,IND @ LAL,LAL,IND,0.5193,123.1,122.3,136,133,1,True,23.6,0.2311
1004,LAL @ MIL,MIL,LAL,0.6401,117.8,112.5,114,100,1,True,16.3,0.1295
1005,MIN @ WAS,WAS,MIN,0.2567,106.0,115.1,119,115,1,False,12.8,0.5525
1006,WAS @ DET,DET,WAS,0.7406,117.7,108.5,114,95,1,True,17.1,0.0673
1007,ATL @ BKN,BKN,ATL,0.5368,113.7,112.2,113,128,0,False,15.1,0.2882
1008,WAS @ NOP,NOP,WAS,0.7643,119.9,109.7,113,106,1,True,10.6,0.0556
1009,OKC @ UTA,UTA,OKC,0.1237,106.9,123.2,117,131,0,True,17.9,0.0153
1010,SAC @ TOR,TOR,SAC,0.3182,112.6,119.0,119,121,0,True,8.4,0.1013
1011,IND @ HOU,HOU,IND,0.7012,123.7,116.2,109,110,0,False,20.9,0.4917
1012,NOP @ HOU,HOU,NOP,0.7893,118.8,107.3,136,105,1,True,14.8,0.0444
1013,ORL @ WAS,WAS,ORL,0.2302,102.8,113.0,98,117,0,True,0.8,0.053
1014,ORL @ CLE,CLE,ORL,0.7378,111.3,102.2,125,104,1,True,15.5,0.0687
1015,POR @ CLE,CLE,POR,0.9553,124.2,100.2,131,122,1,True,28.5,0.002
1016,MEM @ WAS,WAS,MEM,0.1765,112.5,125.6,105,126,0,True,7.1,0.0312
1017,MEM @ LAL,LAL,MEM,0.4118,118.3,121.2,117,112,1,False,10.5,0.346
1018,GSW @ WAS,WAS,GSW,0.2134,112.2,123.2,114,120,0,True,1.4,0.0455
1019,NOP @ PHX,PHX,NOP,0.6365,115.3,110.2,135,98,1,True,7.6,0.1321
1020,CHI @ DAL,DAL,CHI,0.6233,117.0,112.3,119,117,1,True,6.7,0.1419
1021,DET @ LAC,LAC,DET,0.7239,114.5,106.0,116,92,1,True,12.5,0.0762
1022,MIA @ GSW,GSW,MIA,0.6282,114.2,109.3,91,104,0,False,28.5,0.3946
1023,NYK @ SAS,SAS,NYK,0.4284,112.5,114.8,121,118,1,False,11.6,0.3267
1024,MIA @ DAL,DAL,MIA,0.5585,109.9,107.6,107,101,1,True,9.5,0.1949
1025,HOU @ POR,POR,HOU,0.1579,104.4,118.4,113,115,0,True,5.2,0.0249
1026,SAS @ DET,DET,SAS,0.4895,113.1,113.3,107,125,0,True,5.7,0.2396
1027,MIA @ CLE,CLE,MIA,0.7909,115.5,103.9,120,109,1,True,9.6,0.0437
1028,PHX @ DET,DET,PHX,0.484,110.8,111.2,93,116,0,True,13.1,0.2343
1029,MIN @ MIL,MIL,MIN,0.5751,109.8,107.0,117,109,1,True,9.2,0.1805
1030,WAS @ PHI,PHI,WAS,0.7638,117.9,107.6,113,110,1,True,2.5,0.0558
1031,CHA @ NOP,NOP,CHA,0.6324,113.9,108.9,103,131,0,False,11.2,0.3999
1032,PHI @ POR,POR,PHI,0.3408,106.5,112.0,106,122,0,True,9.4,0.1161
1033,HOU @ BOS,BOS,HOU,0.6753,117.8,111.3,116,119,0,False,6.0,0.456
1034,LAC @ WAS,WAS,LAC,0.2481,108.9,118.4,95,100,0,True,32.3,0.0616
1035,BOS @ UTA,UTA,BOS,0.1615,108.5,122.4,116,141,0,True,26.1,0.0261
1036,ATL @ BOS,BOS,ATL,0.8657,126.2,110.1,135,97,1,True,4.3,0.018
1037,CLE @ LAL,LAL,CLE,0.2779,112.3,120.3,104,103,1,False,25.6,0.5214
1038,CHA @ ATL,ATL,CHA,0.6241,117.0,112.3,116,132,0,False,18.7,0.3895
1039,DET @ BOS,BOS,DET,0.8661,121.1,105.0,117,105,1,True,4.2,0.0179
1040,BOS @ MIA,MIA,BOS,0.3417,107.9,113.3,87,124,0,True,10.2,0.1168
1041,MEM @ DEN,DEN,MEM,0.5841,120.7,117.6,125,108,1,True,5.3,0.173
1042,UTA @ DAL,DAL,UTA,0.7617,118.4,108.2,148,127,1,True,48.4,0.0568
1043,BKN @ LAL,LAL,BKN,0.6842,115.6,108.8,109,91,1,True,24.4,0.0997
1044,MIN @ ATL,ATL,MIN,0.4288,110.9,113.2,106,130,0,True,11.8,0.1839
1045,NYK @ CHA,CHA,NYK,0.3189,107.1,113.5,103,107,0,True,10.6,0.1017
1046,WAS @ MEM,MEM,WAS,0.9016,128.4,109.7,127,108,1,True,3.1,0.0097
1047,POR @ UTA,UTA,POR,0.6914,115.3,108.1,110,108,1,True,5.4,0.0952
1048,POR @ NOP,NOP,POR,0.783,116.8,105.7,120,97,1,True,5.5,0.0471
1049,UTA @ MIA,MIA,UTA,0.7692,114.9,104.4,106,102,1,True,11.3,0.0533
1050,CLE @ PHX,PHX,CLE,0.2835,109.5,117.3,103,117,0,True,6.8,0.0804
1051,DET @ CLE,CLE,DET,0.8741,120.5,103.9,125,105,1,True,5.7,0.0159
1052,LAC @ MIA,MIA,LAC,0.548,108.8,107.0,131,132,0,False,47.2,0.3003
1053,IND @ ORL,ORL,IND,0.6308,115.1,110.2,137,139,0,False,50.7,0.3979
1054,SAS @ UTA,UTA,SAS,0.3963,113.7,117.2,104,117,0,True,9.9,0.1571
1055,WAS @ ORL,ORL,WAS,0.8621,115.8,100.0,114,110,1,True,8.2,0.019
1056,BKN @ CHI,CHI,BKN,0.659,114.6,108.6,107,98,1,True,18.2,0.1163
1057,IND @ ATL,ATL,IND,0.4326,122.5,124.6,116,134,0,True,2.9,0.1871
1058,UTA @ NOP,NOP,UTA,0.6842,117.1,110.2,99,125,0,False,3.3,0.4681
1059,CHA @ DET,DET,CHA,0.6074,111.8,107.7,113,112,1,True,5.5,0.1541
1060,PHI @ DEN,DEN,PHI,0.7754,118.5,107.7,122,117,1,True,12.8,0.0504
1061,TOR @ CLE,CLE,TOR,0.9021,124.5,105.8,140,101,1,True,10.8,0.0096
1062,ORL @ PHI,PHI,ORL,0.4094,102.9,105.8,117,124,0,True,32.3,0.1676
1063,SAS @ CHA,CHA,SAS,0.4499,112.4,113.9,118,121,0,True,12.7,0.2024
1064,ORL @ MEM,MEM,ORL,0.609,112.0,107.9,117,106,1,True,3.1,0.1529
1065,ORL @ NOP,NOP,ORL,0.4039,104.7,107.8,93,95,0,True,24.5,0.1631
1066,GSW @ PHX,PHX,GSW,0.4682,115.0,115.9,111,106,1,False,13.9,0.2828
1067,MEM @ BKN,BKN,MEM,0.3116,110.4,117.1,97,112,0,True,18.5,0.0971
1068,DAL @ HOU,HOU,DAL,0.7162,116.7,108.6,115,118,0,False,7.7,0.5129
1069,CHA @ MEM,MEM,CHA,0.8154,122.0,109.0,124,97,1,True,9.9,0.0341
1070,OKC @ MIA,MIA,OKC,0.2869,106.3,114.1,102,114,0,True,4.4,0.0823
1071,POR @ ORL,ORL,POR,0.872,112.8,96.4,107,103,1,True,0.8,0.0164
1072,DET @ MEM,MEM,DET,0.7917,121.3,109.6,113,122,0,False,4.1,0.6268
1073,DEN @ BOS,BOS,DEN,0.6921,120.2,113.0,102,87,1,True,44.3,0.0948
1074,ATL @ LAC,LAC,ATL,0.7158,119.2,111.1,130,129,1,True,28.6,0.0808
1075,MIA @ DET,DET,MIA,0.4407,106.6,108.4,102,107,0,True,6.0,0.1942
1076,SAC @ NYK,NYK,SAC,0.5977,115.2,111.5,123,122,1,True,18.3,0.1618
1077,WAS @ NYK,NYK,WAS,0.8852,122.4,105.1,123,92,1,True,12.5,0.0132
1078,SAS @ PHI,PHI,SAS,0.5202,113.3,112.4,105,91,1,True,29.7,0.2302
1079,TOR @ SAC,SAC,TOR,0.7985,121.8,109.8,115,103,1,True,13.6,0.0406
1080,TOR @ PHX,PHX,TOR,0.7096,117.8,110.0,130,122,1,True,24.2,0.0843
1081,PHX @ ATL,ATL,PHX,0.4956,116.0,116.0,99,136,0,True,3.0,0.2456
1082,WAS @ CHA,CHA,WAS,0.7112,117.0,109.1,94,116,0,False,16.1,0.5058
1083,DEN @ MIN,MIN,DEN,0.4847,110.6,111.0,100,98,1,False,23.5,0.2655
1084,ATL @ LAL,LAL,ATL,0.6529,121.9,116.2,114,134,0,False,10.0,0.4263
1085,IND @ MEM,MEM,IND,0.6798,127.6,121.0,136,130,1,True,17.4,0.1025
1086,CHA @ BOS,BOS,CHA,0.8849,121.8,104.4,122,110,1,True,5.8,0.0132
1087,CLE @ MEM,MEM,CLE,0.4178,116.4,119.0,103,102,1,False,30.4,0.339
1088,WAS @ IND,IND,WAS,0.8523,129.5,114.3,132,131,1,True,19.2,0.0218
1089,SAC @ MIN,MIN,SAC,0.5327,110.9,109.6,124,123,1,True,26.5,0.2184
1090,DEN @ NYK,NYK,DEN,0.5474,114.8,112.9,115,119,0,False,6.3,0.2996
1091,PHX @ CHI,CHI,PHX,0.5495,115.6,113.7,118,106,1,True,5.2,0.203
1092,MEM @ MIA,MIA,MEM,0.4649,112.5,113.5,86,108,0,True,32.0,0.2161
1093,LAC @ BKN,BKN,LAC,0.3939,106.8,110.3,120,110,1,False,12.8,0.3674
1094,SAC @ HOU,HOU,SAC,0.6376,117.0,111.8,127,104,1,True,2.1,0.1313
1095,NOP @ DAL,DAL,NOP,0.6645,115.8,109.7,119,124,0,False,17.5,0.4416
1096,BOS @ BKN,BKN,BOS,0.2146,105.9,116.9,98,123,0,True,1.8,0.0461
1097,OKC @ WAS,WAS,OKC,0.0795,106.4,126.3,90,110,0,True,32.7,0.0063
1098,MEM @ TOR,TOR,MEM,0.2778,114.4,122.5,118,126,0,True,7.1,0.0772
1099,OKC @ MIN,MIN,OKC,0.3066,106.5,113.4,99,106,0,True,14.9,0.094
1100,PHI @ PHX,PHX,PHI,0.6316,113.2,108.2,133,119,1,True,30.6,0.1357
1101,PHI @ CHI,CHI,PHI,0.6093,115.0,110.9,133,117,1,True,24.1,0.1526
1102,CLE @ CHI,CHI,CLE,0.259,111.2,120.2,122,138,0,True,28.6,0.0671
1103,NOP @ PHX,PHX,NOP,0.6365,115.3,110.2,111,101,1,True,13.4,0.1321
1104,DAL @ DEN,DEN,DAL,0.7037,118.5,110.9,124,123,1,True,17.5,0.0878
1105,SAS @ PHI,PHI,SAS,0.5202,113.3,112.4,120,105,1,True,0.7,0.2302
1106,DAL @ BOS,BOS,DAL,0.7976,120.3,108.4,127,115,1,True,13.3,0.041
1107,MIN @ POR,POR,MIN,0.2406,102.3,112.1,109,112,0,True,6.6,0.0579
1108,ATL @ SAS,SAS,ATL,0.6414,120.9,115.6,119,118,1,True,0.5,0.1286
1109,SAS @ LAC,LAC,SAS,0.6505,116.4,110.8,102,112,0,False,13.2,0.4232
1110,UTA @ MIL,MIL,UTA,0.7918,119.1,107.4,122,115,1,True,10.5,0.0433
1111,PHX @ GSW,GSW,PHX,0.6753,118.7,112.2,124,95,1,True,11.9,0.1054
1112,MIA @ WAS,WAS,MIA,0.2743,106.7,114.9,109,114,0,True,1.4,0.0752
1113,LAC @ UTA,UTA,LAC,0.3284,109.5,115.5,93,128,0,True,3.9,0.1078
1114,WAS @ LAC,LAC,WAS,0.8495,121.2,106.1,118,113,1,True,3.7,0.0227
1115,ATL @ WAS,WAS,ATL,0.3668,115.9,120.4,104,119,0,True,13.3,0.1345
1116,TOR @ NYK,NYK,TOR,0.8102,119.5,106.9,123,94,1,True,9.4,0.036
1117,MIN @ IND,IND,MIN,0.5565,116.6,114.4,117,119,0,False,5.0,0.3097
1118,SAS @ OKC,OKC,SAS,0.8617,124.0,108.2,130,104,1,True,1.8,0.0191
1119,GSW @ CLE,CLE,GSW,0.7594,121.5,111.5,115,108,1,True,9.9,0.0579
1120,MEM @ BKN,BKN,MEM,0.3116,110.4,117.1,127,125,1,False,24.5,0.4739
1121,BOS @ CHA,CHA,BOS,0.1983,107.2,119.0,110,137,0,True,20.8,0.0393
1122,MIL @ ATL,ATL,MIL,0.4228,114.7,117.2,101,126,0,True,4.9,0.1788
1123,NYK @ MIA,MIA,NYK,0.4872,107.8,108.1,113,122,0,True,19.1,0.2374
1124,CHA @ TOR,TOR,CHA,0.5622,113.8,111.4,107,109,0,False,9.1,0.3161
1125,CHI @ OKC,OKC,CHI,0.8716,124.5,108.0,116,107,1,True,9.5,0.0165
1126,BOS @ ATL,ATL,BOS,0.2271,112.9,123.4,116,117,0,True,3.3,0.0516
1127,HOU @ CHA,CHA,HOU,0.2811,107.5,115.4,114,90,1,False,18.9,0.5168
1128,MIL @ LAC,LAC,MIL,0.5751,112.8,110.0,120,119,1,True,16.2,0.1805
1129,OKC @ DAL,DAL,OKC,0.2648,109.6,118.3,119,128,0,True,19.2,0.0701
1130,CHA @ HOU,HOU,CHA,0.8253,118.2,104.7,115,119,0,False,11.1,0.6811
1131,NOP @ WAS,WAS,NOP,0.3616,112.5,117.1,123,116,1,False,9.4,0.4076
1132,PHI @ CHI,CHI,PHI,0.6093,115.0,110.9,115,119,0,False,8.1,0.3712
1133,NYK @ NOP,NOP,NYK,0.3708,109.8,114.1,121,111,1,False,8.1,0.3959
1134,GSW @ OKC,OKC,GSW,0.7971,122.9,111.0,132,106,1,True,4.0,0.0412
1135,MEM @ CHI,CHI,MEM,0.3844,117.2,121.0,121,123,0,True,5.7,0.1478
1136,GSW @ MEM,MEM,GSW,0.623,122.3,117.6,122,127,0,False,9.1,0.3881
1137,HOU @ NYK,NYK,HOU,0.5314,112.5,111.2,117,88,1,True,18.6,0.2196
1138,CHA @ CLE,CLE,CHA,0.8924,121.1,103.3,108,90,1,True,26.4,0.0116
1139,PHI @ SAS,SAS,PHI,0.6255,115.2,110.5,121,100,1,True,4.7,0.1403
1140,PHI @ NOP,NOP,PHI,0.5709,112.4,109.8,115,139,0,False,31.8,0.3259
1141,OKC @ ORL,ORL,OKC,0.349,104.6,109.8,95,118,0,True,1.4,0.1218
1142,ATL @ OKC,OKC,ATL,0.8999,127.0,108.5,128,97,1,True,10.5,0.01
1143,ATL @ MIA,MIA,ATL,0.6879,115.8,108.8,115,111,1,True,1.4,0.0974
1144,SAS @ PHX,PHX,SAS,0.5827,116.0,112.9,119,111,1,True,1.0,0.1741
1145,UTA @ CHI,CHI,UTA,0.7226,119.8,111.4,122,102,1,True,7.1,0.077
1146,MIL @ LAL,LAL,MIL,0.5057,115.3,115.0,128,121,1,True,18.7,0.2443
1147,CHA @ DET,DET,CHA,0.6074,111.8,107.7,116,101,1,True,2.5,0.1541
1148,OKC @ MIL,MIL,OKC,0.2993,110.2,117.3,108,126,0,True,6.5,0.0896
1149,UTA @ POR,POR,UTA,0.4468,110.9,112.5,113,103,1,False,7.4,0.306
1150,CHI @ UTA,UTA,CHI,0.4131,114.2,117.0,147,133,1,False,48.9,0.3445
1151,MIA @ BKN,BKN,MIA,0.4244,104.6,107.1,102,112,0,True,2.3,0.1801
1152,UTA @ TOR,TOR,UTA,0.6099,116.9,112.7,123,124,0,False,17.4,0.372
1153,OKC @ CLE,CLE,OKC,0.5242,115.2,114.2,116,123,0,False,9.6,0.2748
1154,ATL @ MIL,MIL,ATL,0.7158,120.0,111.9,133,123,1,True,24.1,0.0808
1155,DEN @ MEM,MEM,DEN,0.5638,120.4,117.9,119,121,0,False,1.7,0.3179
1156,UTA @ MIN,MIN,UTA,0.7864,115.1,103.8,124,111,1,True,16.1,0.0456
1157,DAL @ CHA,CHA,DAL,0.4175,109.8,112.4,121,123,0,True,21.8,0.1743
1158,NOP @ CHI,CHI,NOP,0.6135,117.2,112.9,141,128,1,True,39.0,0.1494
1159,SAS @ IND,IND,SAS,0.6361,124.5,119.3,131,133,0,False,20.2,0.4046
1160,LAC @ NOP,NOP,LAC,0.4367,110.9,112.9,109,107,1,False,7.8,0.3173
1161,TOR @ PHX,PHX,TOR,0.7096,117.8,110.0,103,123,0,False,1.8,0.5035
1162,MIL @ CLE,CLE,MIL,0.7792,118.7,107.8,132,107,1,True,12.5,0.0488
1163,MIN @ DAL,DAL,MIN,0.5346,109.2,107.8,114,117,0,False,14.0,0.2858
1164,TOR @ NYK,NYK,TOR,0.8102,119.5,106.9,117,101,1,True,8.4,0.036
1165,WAS @ LAC,LAC,WAS,0.8495,121.2,106.1,123,106,1,True,1.7,0.0227
1166,MEM @ LAC,LAC,MEM,0.4909,115.8,115.9,130,138,0,True,36.3,0.241
1167,TOR @ SAS,SAS,TOR,0.7048,119.9,112.3,120,115,1,True,2.8,0.0871
1168,ORL @ HOU,HOU,ORL,0.6318,108.6,103.6,96,106,0,False,10.2,0.3992
1169,DEN @ SAS,SAS,DEN,0.3962,115.2,118.6,118,114,1,False,1.8,0.3646
1170,MIN @ LAL,LAL,MIN,0.5084,111.5,111.1,117,98,1,True,7.6,0.2417
1171,GSW @ CHI,CHI,GSW,0.4394,116.9,118.8,108,113,0,True,14.6,0.1931
1172,LAC @ MIA,MIA,LAC,0.548,108.8,107.0,102,111,0,False,2.8,0.3003
1173,GSW @ CHI,CHI,GSW,0.4394,116.9,118.8,132,119,1,False,15.4,0.3143
1174,MIA @ PHI,PHI,MIA,0.4719,106.8,107.6,115,102,1,False,2.7,0.2789
1175,MEM @ ATL,ATL,MEM,0.3329,117.7,123.5,109,110,0,True,22.3,0.1108
1176,CHI @ HOU,HOU,CHI,0.7611,120.0,109.9,121,110,1,True,1.1,0.0571
1177,WAS @ LAL,LAL,WAS,0.8146,123.8,110.9,140,112,1,True,17.2,0.0344
1178,MIL @ BOS,BOS,MIL,0.7666,119.4,109.0,91,104,0,False,33.4,0.5877
1179,IND @ NYK,NYK,IND,0.6585,121.7,115.8,126,119,1,True,7.5,0.1166
1180,DEN @ LAC,LAC,DEN,0.4839,113.6,114.0,110,104,1,False,13.7,0.2664
1181,LAL @ ORL,ORL,LAL,0.678,111.9,105.3,120,116,1,True,18.9,0.1037
1182,LAL @ CHI,CHI,LAL,0.5468,118.5,116.6,106,124,0,False,5.1,0.299
1183,LAC @ MIN,MIN,LAC,0.5726,109.0,106.3,97,94,1,True,24.3,0.1827
1184,MIA @ MEM,MEM,MIA,0.6783,116.3,109.7,110,105,1,True,11.0,0.1035
1185,ATL @ IND,IND,ATL,0.7085,127.4,119.7,122,102,1,True,23.1,0.085
1186,SAC @ PHI,PHI,SAC,0.3976,110.9,114.2,110,95,1,False,20.1,0.3629
1187,NOP @ ORL,ORL,NOP,0.73,110.6,101.8,102,106,0,False,4.5,0.5329
1188,BKN @ GSW,GSW,BKN,0.7678,117.7,107.2,120,104,1,True,0.9,0.0539
1189,DET @ MIL,MIL,DET,0.7239,115.2,106.7,112,102,1,True,7.9,0.0762
1190,MIA @ DEN,DEN,MIA,0.6843,114.5,107.6,127,108,1,True,13.0,0.0997
1191,SAS @ CLE,CLE,SAS,0.8318,122.5,108.6,126,119,1,True,13.9,0.0283
1192,MIA @ SAS,SAS,MIA,0.524,111.3,110.3,116,124,0,False,18.4,0.2746
1193,DET @ POR,POR,DET,0.3673,107.3,111.8,116,120,0,True,16.8,0.1349
1194,CHI @ CLE,CLE,CHI,0.8409,123.0,108.5,135,111,1,True,14.6,0.0253
1195,SAS @ POR,POR,SAS,0.288,109.2,116.9,115,111,1,False,0.1,0.5069
1196,IND @ ORL,ORL,IND,0.6308,115.1,110.2,117,105,1,True,3.3,0.1363
1197,MIN @ CLE,CLE,MIN,0.7743,114.8,104.1,143,110,1,True,34.1,0.0509
1198,TOR @ CHI,CHI,TOR,0.6882,119.8,112.7,126,132,0,False,25.5,0.4736
1199,IND @ LAL,LAL,IND,0.5193,123.1,122.3,131,114,1,True,0.4,0.2311
1200,DEN @ BKN,BKN,DEN,0.307,108.3,115.2,105,126,0,True,7.5,0.0942
1201,ORL @ ATL,ATL,ORL,0.3879,107.5,111.2,117,125,0,True,23.3,0.1505
1202,SAC @ MEM,MEM,SAC,0.6132,120.8,116.5,125,99,1,True,13.2,0.1496
1203,NOP @ HOU,HOU,NOP,0.7893,118.8,107.3,130,96,1,True,0.2,0.0444
1204,MIA @ PHI,PHI,MIA,0.4719,106.8,107.6,105,97,1,False,12.3,0.2789
1205,BOS @ TOR,TOR,BOS,0.1851,109.8,122.3,118,133,0,True,18.9,0.0343
1206,MIN @ CHA,CHA,MIN,0.3827,105.3,109.2,102,117,0,True,4.4,0.1465
1207,ORL @ PHX,PHX,ORL,0.4664,105.3,106.3,107,131,0,True,26.3,0.2175
1208,ORL @ SAC,SAC,ORL,0.5732,108.9,106.1,113,99,1,True,3.0,0.1822
1209,TOR @ WAS,WAS,TOR,0.4366,115.0,117.0,104,108,0,True,19.9,0.1906
1210,LAC @ HOU,HOU,LAC,0.6773,115.1,108.5,121,111,1,True,8.4,0.1041
1211,UTA @ HOU,HOU,UTA,0.8572,121.5,105.9,114,106,1,True,7.4,0.0204
1212,MIL @ PHX,PHX,MIL,0.506,112.4,112.1,108,112,0,False,4.5,0.256
1213,MEM @ ATL,ATL,MEM,0.3329,117.7,123.5,113,116,0,True,12.3,0.1108
1214,PHI @ MIL,MIL,PHI,0.6977,114.4,107.0,119,110,1,True,7.7,0.0914
1215,BKN @ NYK,NYK,BKN,0.7859,114.3,103.0,106,95,1,True,16.3,0.0458
1216,DAL @ ORL,ORL,DAL,0.6512,108.7,103.0,130,113,1,True,31.3,0.1217
1217,PHX @ PHI,PHI,PHX,0.515,111.0,110.4,119,120,0,False,17.6,0.2652
1218,SAS @ NOP,NOP,SAS,0.5164,115.2,114.5,113,90,1,True,26.8,0.2339
1219,WAS @ MIA,MIA,WAS,0.83,117.7,103.9,143,107,1,True,28.4,0.0289
1220,POR @ PHI,PHI,POR,0.7822,114.8,103.8,119,102,1,True,2.4,0.0474
1221,SAS @ MEM,MEM,SAS,0.73,123.4,114.6,130,95,1,True,13.0,0.0729
1222,GSW @ BKN,BKN,GSW,0.3579,110.0,114.9,110,109,1,False,5.9,0.4123
1223,POR @ CLE,CLE,POR,0.9553,124.2,100.2,115,96,1,True,13.5,0.002
1224,BOS @ LAL,LAL,BOS,0.2913,113.5,121.0,127,116,1,False,8.4,0.5023
1225,IND @ UTA,UTA,IND,0.3297,117.7,123.6,113,116,0,True,12.3,0.1087
1226,PHX @ OKC,OKC,PHX,0.853,121.6,106.3,128,116,1,True,16.2,0.0216
1227,PHI @ HOU,HOU,PHI,0.7845,116.7,105.5,117,99,1,True,6.2,0.0464
1228,DET @ PHI,PHI,DET,0.6027,111.3,107.5,118,106,1,True,5.1,0.1578
1229,TOR @ IND,IND,TOR,0.7617,126.4,116.2,123,103,1,True,16.6,0.0568
1230,HOU @ WAS,WAS,HOU,0.1685,108.2,121.7,123,121,1,False,14.2,0.6914
