date,game_id,matchup,bet_type,market,selection,odds,model_prob,market_fair_prob,final_prob,edge,ev_percent,stake_fraction,stake_amount,status,result,pnl,details
2026-10-07,nba_2026_den_okc,Denver Nuggets @ Oklahoma City Thunder,CORE_STRAIGHT,spread,Oklahoma City Thunder -2.5,1.92,0.6988,0.4974,0.5679,0.0471,9.03,0.0175,17.5,PENDING,PENDING,0.0,Quarter-Kelly=0.0246; RawKelly=0.0982
2026-10-07,PARLAY_4LEG_549,PARLAY_DRAFTEA,SATELLITE_PARLAY,player_props_parlay,PARLAY_4LEG_549,9.43,0.0,0.0,0.0,0.0,0.0,0.0,20.0,PENDING,PENDING,0.0,Game Script Stacking DAL: Generador de juego (AST) + Finalizador (PTS) | Game Script Stacking DEN: Generador de juego (AST) + Finalizador (PTS) | Pace Stacking: Múltiples selecciones impulsadas por ritmo acelerado | Legs: [Luka Doncic (DAL) Over 7.5 AST @ 1.76; Kyrie Irving (DAL) Over 21.0 PTS @ 1.76; Nikola Jokic (DEN) Over 23.0 PTS @ 1.79; Jamal Murray (DEN) Over 4.5 AST @ 1.7]
2026-10-07,1fae7f34ec6035dffa74feb148ee26c7,Golden State Warriors @ San Antonio Spurs,CORE_STRAIGHT,moneyline,Golden State Warriors ML,4.9,0.6042,0.1954,0.3385,0.1344,65.86,0.016667,16.67,PENDING,PENDING,0.0,Quarter-Kelly=0.0422; RawKelly=0.1689
2026-10-07,164cc0396837d5ff433215ffd3279283,Milwaukee Bucks @ Washington Wizards,CORE_STRAIGHT,moneyline,Milwaukee Bucks ML,2.64,0.7954,0.3639,0.5149,0.1361,35.93,0.016667,16.67,PENDING,PENDING,0.0,Quarter-Kelly=0.0548; RawKelly=0.2191
2026-10-07,64df299b882ea19ad5f8cb0ed5516a6f,Detroit Pistons @ Brooklyn Nets,CORE_STRAIGHT,moneyline,Brooklyn Nets ML,3.5,0.5554,0.2739,0.3724,0.0867,30.34,0.016667,16.67,PENDING,PENDING,0.0,Quarter-Kelly=0.0303; RawKelly=0.1214
2026-10-07,93cdd8e4ade5697cfccf42ee42c4d207,Minnesota Timberwolves @ Miami Heat,CORE_STRAIGHT,total,Under 242.5,1.95,0.9761,0.4895,0.6598,0.147,28.67,0.016667,16.67,PENDING,PENDING,0.0,Quarter-Kelly=0.0754; RawKelly=0.3018
2026-10-07,60431a347feac3f1c7ed925b8b769ec5,Chicago Bulls @ Toronto Raptors,CORE_STRAIGHT,moneyline,Chicago Bulls ML,3.75,0.5036,0.256,0.3426,0.076,28.49,0.016667,16.67,PENDING,PENDING,0.0,Quarter-Kelly=0.0259; RawKelly=0.1036
2026-10-07,e6769c813dd625b622df94c14a562ce2,Utah Jazz @ Memphis Grizzlies,CORE_STRAIGHT,moneyline,Memphis Grizzlies ML,2.14,0.8723,0.4485,0.5968,0.1295,27.72,0.016667,16.67,PENDING,PENDING,0.0,Quarter-Kelly=0.0608; RawKelly=0.2431
2026-10-07,PARLAY_4LEG_2119297,PARLAY_DRAFTEA,SATELLITE_PARLAY,player_props_parlay,PARLAY_4LEG_2119297,10.27,0.0,0.0,0.0,0.0,0.0,0.0,20.0,PENDING,PENDING,0.0,Game Script Stacking DAL: Generador de juego (AST) + Finalizador (PTS) | Game Script Stacking BOS: Generador de juego (AST) + Finalizador (PTS) | Pace Stacking: Múltiples selecciones impulsadas por ritmo acelerado | Legs: [Luka Doncic (DAL) Over 7.5 AST @ 1.79; Kyrie Irving (DAL) Over 21.0 PTS @ 1.8; Jaylen Brown (BOS) Over 20.5 PTS @ 1.79; Jayson Tatum (BOS) Over 3.5 AST @ 1.78]
